[Header],,,,,,,,,
,,,,,,,,,
IEMFileVersion,4,,,,,,,,
,,,,,,,,,
Investigator Name,Stephen Techtmann,,,,,,,,
,,,,,,,,,
Experiment Name,DARPA,,,,,,,,
,,,,,,,,,
Date,10/11/17,,,,,,,,
,,,,,,,,,
Workflow,GenerateFASTQ,,,,,,,,
,,,,,,,,,
Application,FASTQ Only,,,,,,,,
,,,,,,,,,
Assay,Nextera XT,,,,,,,,
,,,,,,,,,
Description,DARPA1,,,,,,,,
,,,,,,,,,
Chemistry,Amplicon,,,,,,,,
,,,,,,,,,
,,,,,,,,,
,,,,,,,,,
[Reads],,,,,,,,,
,,,,,,,,,
301,,,,,,,,,
,,,,,,,,,
301,,,,,,,,,
,,,,,,,,,
,,,,,,,,,
,,,,,,,,,
[Settings],,,,,,,,,
,,,,,,,,,
ReverseComplement,0,,,,,,,,
,,,,,,,,,
Adapter,CTGTCTCTTATACACATCT,,,,,,,,
,,,,,,,,,
,,,,,,,,,
,,,,,,,,,
[Data],,,,,,,,,
,,,,,,,,,
Sample_ID,Sample_Name,Sample_Plate,Sample_Well,I7_Index_ID,index,I5_Index_ID,index2,Sample_Project,Description
GB1,,,,STi701,CCGTAGTTTAGG,STi501,CCTAAACTACGG,,
GB2,,,,STi701,CCGTAGTTTAGG,STi502,TGCAGATCCAAC,,
GB3,,,,STi701,CCGTAGTTTAGG,STi503,CCATCACATAGG,,
GB4,,,,STi701,CCGTAGTTTAGG,STi504,GTGGTATGGGAG,,
GB5,,,,STi701,CCGTAGTTTAGG,STi505,ACTTTAAGGGTG,,
GB6,,,,STi701,CCGTAGTTTAGG,STi506,GAGCAACATCCT,,
GB7,,,,STi701,CCGTAGTTTAGG,STi507,TGTTGCGTTTCT,,
GB8,,,,STi701,CCGTAGTTTAGG,STi508,ATGTCCGACCAA,,
GB9,,,,STi701,CCGTAGTTTAGG,STi509,AGGTACGCAATT,,
GB10,,,,STi701,CCGTAGTTTAGG,STi510,ACAGCCACCCAT,,
GB11,,,,STi701,CCGTAGTTTAGG,STi511,TGTCTCGCAAGC,,
GB12,,,,STi701,CCGTAGTTTAGG,STi512,GAGGAGTAAAGC,,
GB1post,,,,STi702,GTTGGATCTGCA,STi501,CCTAAACTACGG,,
GB2post,,,,STi702,GTTGGATCTGCA,STi502,TGCAGATCCAAC,,
GB3post,,,,STi702,GTTGGATCTGCA,STi503,CCATCACATAGG,,
GB4post,,,,STi702,GTTGGATCTGCA,STi504,GTGGTATGGGAG,,
GB5post,,,,STi702,GTTGGATCTGCA,STi505,ACTTTAAGGGTG,,
GB6post,,,,STi702,GTTGGATCTGCA,STi506,GAGCAACATCCT,,
GB7post,,,,STi702,GTTGGATCTGCA,STi507,TGTTGCGTTTCT,,
GB8post,,,,STi702,GTTGGATCTGCA,STi508,ATGTCCGACCAA,,
GB9post,,,,STi702,GTTGGATCTGCA,STi509,AGGTACGCAATT,,
GB10post,,,,STi702,GTTGGATCTGCA,STi510,ACAGCCACCCAT,,
GB11post,,,,STi702,GTTGGATCTGCA,STi511,TGTCTCGCAAGC,,
GB12post,,,,STi702,GTTGGATCTGCA,STi512,GAGGAGTAAAGC,,
GB13,,,,STi703,CCTATGTGATGG,STi501,CCTAAACTACGG,,
GB14,,,,STi703,CCTATGTGATGG,STi502,TGCAGATCCAAC,,
GB15,,,,STi703,CCTATGTGATGG,STi503,CCATCACATAGG,,
GB16,,,,STi703,CCTATGTGATGG,STi504,GTGGTATGGGAG,,
GB16.5,,,,STi703,CCTATGTGATGG,STi505,ACTTTAAGGGTG,,
GB17,,,,STi703,CCTATGTGATGG,STi506,GAGCAACATCCT,,
GB17.5,,,,STi703,CCTATGTGATGG,STi507,TGTTGCGTTTCT,,
GB19,,,,STi703,CCTATGTGATGG,STi508,ATGTCCGACCAA,,
GB20,,,,STi703,CCTATGTGATGG,STi509,AGGTACGCAATT,,
GB21,,,,STi703,CCTATGTGATGG,STi510,ACAGCCACCCAT,,
GB22,,,,STi703,CCTATGTGATGG,STi511,TGTCTCGCAAGC,,
GB24,,,,STi703,CCTATGTGATGG,STi512,GAGGAGTAAAGC,,
GB13post,,,,STi704,CTCCCATACCAC,STi501,CCTAAACTACGG,,
GB14post,,,,STi704,CTCCCATACCAC,STi502,TGCAGATCCAAC,,
GB15post,,,,STi704,CTCCCATACCAC,STi503,CCATCACATAGG,,
GB16post,,,,STi704,CTCCCATACCAC,STi504,GTGGTATGGGAG,,
GB16.5post,,,,STi704,CTCCCATACCAC,STi505,ACTTTAAGGGTG,,
GB17post,,,,STi704,CTCCCATACCAC,STi506,GAGCAACATCCT,,
GB17.5post,,,,STi704,CTCCCATACCAC,STi507,TGTTGCGTTTCT,,
GB19post,,,,STi704,CTCCCATACCAC,STi508,ATGTCCGACCAA,,
GB20post,,,,STi704,CTCCCATACCAC,STi509,AGGTACGCAATT,,
GB21post,,,,STi704,CTCCCATACCAC,STi510,ACAGCCACCCAT,,
GB22post,,,,STi704,CTCCCATACCAC,STi511,TGTCTCGCAAGC,,
GB24post,,,,STi704,CTCCCATACCAC,STi512,GAGGAGTAAAGC,,
GB25,,,,STi705,CACCCTTAAAGT,STi501,CCTAAACTACGG,,
GB26,,,,STi705,CACCCTTAAAGT,STi502,TGCAGATCCAAC,,
GB27,,,,STi705,CACCCTTAAAGT,STi503,CCATCACATAGG,,
GB28,,,,STi705,CACCCTTAAAGT,STi504,GTGGTATGGGAG,,
GB29,,,,STi705,CACCCTTAAAGT,STi505,ACTTTAAGGGTG,,
GB31,,,,STi705,CACCCTTAAAGT,STi506,GAGCAACATCCT,,
GB32,,,,STi705,CACCCTTAAAGT,STi507,TGTTGCGTTTCT,,
GB33,,,,STi705,CACCCTTAAAGT,STi508,ATGTCCGACCAA,,
DS1,,,,STi705,CACCCTTAAAGT,STi509,AGGTACGCAATT,,
DS2,,,,STi705,CACCCTTAAAGT,STi510,ACAGCCACCCAT,,
DS3,,,,STi705,CACCCTTAAAGT,STi511,TGTCTCGCAAGC,,
DS4,,,,STi705,CACCCTTAAAGT,STi512,GAGGAGTAAAGC,,
GB25post,,,,STi706,AGGATGTTGCTC,STi501,CCTAAACTACGG,,
GB26post,,,,STi706,AGGATGTTGCTC,STi502,TGCAGATCCAAC,,
GB27post,,,,STi706,AGGATGTTGCTC,STi503,CCATCACATAGG,,
GB28post,,,,STi706,AGGATGTTGCTC,STi504,GTGGTATGGGAG,,
GB29post,,,,STi706,AGGATGTTGCTC,STi505,ACTTTAAGGGTG,,
GB31post,,,,STi706,AGGATGTTGCTC,STi506,GAGCAACATCCT,,
GB32post,,,,STi706,AGGATGTTGCTC,STi507,TGTTGCGTTTCT,,
GB33post,,,,STi706,AGGATGTTGCTC,STi508,ATGTCCGACCAA,,
DS1post,,,,STi706,AGGATGTTGCTC,STi509,AGGTACGCAATT,,
DS2post,,,,STi706,AGGATGTTGCTC,STi510,ACAGCCACCCAT,,
DS3post,,,,STi706,AGGATGTTGCTC,STi511,TGTCTCGCAAGC,,
DS4post,,,,STi706,AGGATGTTGCTC,STi512,GAGGAGTAAAGC,,
DS5,,,,STi707,AGAAACGCAACA,STi501,CCTAAACTACGG,,
DS6,,,,STi707,AGAAACGCAACA,STi502,TGCAGATCCAAC,,
DS7,,,,STi707,AGAAACGCAACA,STi503,CCATCACATAGG,,
DS8,,,,STi707,AGAAACGCAACA,STi504,GTGGTATGGGAG,,
DS9,,,,STi707,AGAAACGCAACA,STi505,ACTTTAAGGGTG,,
DS10,,,,STi707,AGAAACGCAACA,STi506,GAGCAACATCCT,,
DS11,,,,STi707,AGAAACGCAACA,STi507,TGTTGCGTTTCT,,
DS12,,,,STi707,AGAAACGCAACA,STi508,ATGTCCGACCAA,,
DS13,,,,STi707,AGAAACGCAACA,STi509,AGGTACGCAATT,,
DS14,,,,STi707,AGAAACGCAACA,STi510,ACAGCCACCCAT,,
DS15,,,,STi707,AGAAACGCAACA,STi511,TGTCTCGCAAGC,,
DS16,,,,STi707,AGAAACGCAACA,STi512,GAGGAGTAAAGC,,
DS5post,,,,STi708,TTGGTCGGACAT,STi501,CCTAAACTACGG,,
DS6post,,,,STi708,TTGGTCGGACAT,STi502,TGCAGATCCAAC,,
DS7post,,,,STi708,TTGGTCGGACAT,STi503,CCATCACATAGG,,
DS8post,,,,STi708,TTGGTCGGACAT,STi504,GTGGTATGGGAG,,
DS9post,,,,STi708,TTGGTCGGACAT,STi505,ACTTTAAGGGTG,,
DS10post,,,,STi708,TTGGTCGGACAT,STi506,GAGCAACATCCT,,
DS11post,,,,STi708,TTGGTCGGACAT,STi507,TGTTGCGTTTCT,,
DS12post,,,,STi708,TTGGTCGGACAT,STi508,ATGTCCGACCAA,,
DS13post,,,,STi708,TTGGTCGGACAT,STi509,AGGTACGCAATT,,
DS14post,,,,STi708,TTGGTCGGACAT,STi510,ACAGCCACCCAT,,
DS15post,,,,STi708,TTGGTCGGACAT,STi511,TGTCTCGCAAGC,,
DS16post,,,,STi708,TTGGTCGGACAT,STi512,GAGGAGTAAAGC,,
DS18,,,,STi701,CCGTAGTTTAGG,STi513,GTTACGTGGTTG,,
DS19,,,,STi701,CCGTAGTTTAGG,STi514,TACCGCCTCGGA,,
DS20,,,,STi701,CCGTAGTTTAGG,STi515,CGTAAGATGCCT,,
DS21,,,,STi701,CCGTAGTTTAGG,STi516,TACCGGCTTGCA,,
DS22,,,,STi701,CCGTAGTTTAGG,STi517,ATCTAGTGGCAA,,
DS23,,,,STi701,CCGTAGTTTAGG,STi518,CCAGGGACTTCT,,
DS24,,,,STi701,CCGTAGTTTAGG,STi519,CACCTTACCTTA,,
DS25,,,,STi701,CCGTAGTTTAGG,STi520,ATAGTTAGGGCT,,
DS26,,,,STi701,CCGTAGTTTAGG,STi521,GCACTTCATTTC,,
DS27,,,,STi701,CCGTAGTTTAGG,STi522,TTAACTGGAAGC,,
DS28,,,,STi701,CCGTAGTTTAGG,STi523,CGCGGTTACTAA,,
DS29,,,,STi701,CCGTAGTTTAGG,STi524,GAGACTATATGC,,
DS18post,,,,STi702,GTTGGATCTGCA,STi513,GTTACGTGGTTG,,
DS19post,,,,STi702,GTTGGATCTGCA,STi514,TACCGCCTCGGA,,
DS20post,,,,STi702,GTTGGATCTGCA,STi515,CGTAAGATGCCT,,
DS21post,,,,STi702,GTTGGATCTGCA,STi516,TACCGGCTTGCA,,
DS22post,,,,STi702,GTTGGATCTGCA,STi517,ATCTAGTGGCAA,,
DS23post,,,,STi702,GTTGGATCTGCA,STi518,CCAGGGACTTCT,,
DS24post,,,,STi702,GTTGGATCTGCA,STi519,CACCTTACCTTA,,
DS25post,,,,STi702,GTTGGATCTGCA,STi520,ATAGTTAGGGCT,,
DS26post,,,,STi702,GTTGGATCTGCA,STi521,GCACTTCATTTC,,
DS27post,,,,STi702,GTTGGATCTGCA,STi522,TTAACTGGAAGC,,
DS28post,,,,STi702,GTTGGATCTGCA,STi523,CGCGGTTACTAA,,
DS29post,,,,STi702,GTTGGATCTGCA,STi524,GAGACTATATGC,,
DS30,,,,STi703,CCTATGTGATGG,STi513,GTTACGTGGTTG,,
DS31,,,,STi703,CCTATGTGATGG,STi514,TACCGCCTCGGA,,
DS32,,,,STi703,CCTATGTGATGG,STi515,CGTAAGATGCCT,,
DSBILGE,,,,STi703,CCTATGTGATGG,STi516,TACCGGCTTGCA,,
KEWTECHTSUMMERBILGE,,,,STi703,CCTATGTGATGG,STi517,ATCTAGTGGCAA,,
GBBILGE,,,,STi703,CCTATGTGATGG,STi518,CCAGGGACTTCT,,
OAKBILGE,,,,STi703,CCTATGTGATGG,STi519,CACCTTACCTTA,,
OAK1,,,,STi703,CCTATGTGATGG,STi520,ATAGTTAGGGCT,,
OAK2,,,,STi703,CCTATGTGATGG,STi521,GCACTTCATTTC,,
OAK3,,,,STi703,CCTATGTGATGG,STi522,TTAACTGGAAGC,,
OAK4,,,,STi703,CCTATGTGATGG,STi523,CGCGGTTACTAA,,
OAK5,,,,STi703,CCTATGTGATGG,STi524,GAGACTATATGC,,
DS30post,,,,STi704,CTCCCATACCAC,STi513,GTTACGTGGTTG,,
DS31post,,,,STi704,CTCCCATACCAC,STi514,TACCGCCTCGGA,,
DS32post,,,,STi704,CTCCCATACCAC,STi515,CGTAAGATGCCT,,
DSBILGEpost,,,,STi704,CTCCCATACCAC,STi516,TACCGGCTTGCA,,
KEWTECHTSUMMERBILGEpost,,,,STi704,CTCCCATACCAC,STi517,ATCTAGTGGCAA,,
GBBILGEpost,,,,STi704,CTCCCATACCAC,STi518,CCAGGGACTTCT,,
OAKBILGEpost,,,,STi704,CTCCCATACCAC,STi519,CACCTTACCTTA,,
OAK1post,,,,STi704,CTCCCATACCAC,STi520,ATAGTTAGGGCT,,
OAK2post,,,,STi704,CTCCCATACCAC,STi521,GCACTTCATTTC,,
OAK3post,,,,STi704,CTCCCATACCAC,STi522,TTAACTGGAAGC,,
OAK4post,,,,STi704,CTCCCATACCAC,STi523,CGCGGTTACTAA,,
OAK5post,,,,STi704,CTCCCATACCAC,STi524,GAGACTATATGC,,
OAK6,,,,STi705,CACCCTTAAAGT,STi513,GTTACGTGGTTG,,
OAK7post,,,,STi705,CACCCTTAAAGT,STi514,TACCGCCTCGGA,,
OAK9,,,,STi705,CACCCTTAAAGT,STi515,CGTAAGATGCCT,,
OAK10,,,,STi705,CACCCTTAAAGT,STi516,TACCGGCTTGCA,,
OAK11,,,,STi705,CACCCTTAAAGT,STi517,ATCTAGTGGCAA,,
OAK12,,,,STi705,CACCCTTAAAGT,STi518,CCAGGGACTTCT,,
OAK14,,,,STi705,CACCCTTAAAGT,STi519,CACCTTACCTTA,,
OAK15,,,,STi705,CACCCTTAAAGT,STi520,ATAGTTAGGGCT,,
OAK16,,,,STi705,CACCCTTAAAGT,STi521,GCACTTCATTTC,,
OAK17,,,,STi705,CACCCTTAAAGT,STi522,TTAACTGGAAGC,,
OAK18,,,,STi705,CACCCTTAAAGT,STi523,CGCGGTTACTAA,,
OAK19,,,,STi705,CACCCTTAAAGT,STi524,GAGACTATATGC,,
OAK6post,,,,STi706,AGGATGTTGCTC,STi513,GTTACGTGGTTG,,
OAK7,,,,STi706,AGGATGTTGCTC,STi514,TACCGCCTCGGA,,
OAK9post,,,,STi706,AGGATGTTGCTC,STi515,CGTAAGATGCCT,,
OAK10post,,,,STi706,AGGATGTTGCTC,STi516,TACCGGCTTGCA,,
OAK11post,,,,STi706,AGGATGTTGCTC,STi517,ATCTAGTGGCAA,,
OAK12post,,,,STi706,AGGATGTTGCTC,STi518,CCAGGGACTTCT,,
OAK14post,,,,STi706,AGGATGTTGCTC,STi519,CACCTTACCTTA,,
OAK15post,,,,STi706,AGGATGTTGCTC,STi520,ATAGTTAGGGCT,,
OAK16post,,,,STi706,AGGATGTTGCTC,STi521,GCACTTCATTTC,,
OAK17post,,,,STi706,AGGATGTTGCTC,STi522,TTAACTGGAAGC,,
OAK18post,,,,STi706,AGGATGTTGCTC,STi523,CGCGGTTACTAA,,
OAK19post,,,,STi706,AGGATGTTGCTC,STi524,GAGACTATATGC,,
OAK20,,,,STi707,AGAAACGCAACA,STi513,GTTACGTGGTTG,,
OAK21,,,,STi707,AGAAACGCAACA,STi514,TACCGCCTCGGA,,
OAK22,,,,STi707,AGAAACGCAACA,STi515,CGTAAGATGCCT,,
OAK23,,,,STi707,AGAAACGCAACA,STi516,TACCGGCTTGCA,,
OAK24,,,,STi707,AGAAACGCAACA,STi517,ATCTAGTGGCAA,,
OAK25,,,,STi707,AGAAACGCAACA,STi518,CCAGGGACTTCT,,
OAK26,,,,STi707,AGAAACGCAACA,STi519,CACCTTACCTTA,,
OAK27,,,,STi707,AGAAACGCAACA,STi520,ATAGTTAGGGCT,,
OAK28,,,,STi707,AGAAACGCAACA,STi521,GCACTTCATTTC,,
OAK29,,,,STi707,AGAAACGCAACA,STi522,TTAACTGGAAGC,,
OAK30,,,,STi707,AGAAACGCAACA,STi523,CGCGGTTACTAA,,
NEG CONTROL,,,,STi707,AGAAACGCAACA,STi524,GAGACTATATGC,,
OAK20post,,,,STi708,TTGGTCGGACAT,STi513,GTTACGTGGTTG,,
OAK21post,,,,STi708,TTGGTCGGACAT,STi514,TACCGCCTCGGA,,
OAK22post,,,,STi708,TTGGTCGGACAT,STi515,CGTAAGATGCCT,,
OAK23post,,,,STi708,TTGGTCGGACAT,STi516,TACCGGCTTGCA,,
OAK24post,,,,STi708,TTGGTCGGACAT,STi517,ATCTAGTGGCAA,,
OAK25post,,,,STi708,TTGGTCGGACAT,STi518,CCAGGGACTTCT,,
OAK26post,,,,STi708,TTGGTCGGACAT,STi519,CACCTTACCTTA,,
OAK27post,,,,STi708,TTGGTCGGACAT,STi520,ATAGTTAGGGCT,,
OAK28post,,,,STi708,TTGGTCGGACAT,STi521,GCACTTCATTTC,,
OAK29post,,,,STi708,TTGGTCGGACAT,STi522,TTAACTGGAAGC,,
OAK30post,,,,STi708,TTGGTCGGACAT,STi523,CGCGGTTACTAA,,
NEG CONTROLpost,,,,STi708,TTGGTCGGACAT,STi524,GAGACTATATGC,,
OAK31,,,,STi701,CCGTAGTTTAGG,STi525,TCCCTTGTCTCC,,
LA1,,,,STi701,CCGTAGTTTAGG,STi526,ACGAGACTGATT,,
LA2,,,,STi701,CCGTAGTTTAGG,STi527,GCTGTACGGATT,,
LA3,,,,STi701,CCGTAGTTTAGG,STi528,ATCACCAGGTGT,,
LA4,,,,STi701,CCGTAGTTTAGG,STi529,TGGTCAACGATA,,
LA5,,,,STi701,CCGTAGTTTAGG,STi530,ATCGCACAGTAA,,
LA6,,,,STi701,CCGTAGTTTAGG,STi531,GTCGTGTAGCCT,,
LA7,,,,STi701,CCGTAGTTTAGG,STi532,AGCGGAGGTTAG,,
LA8,,,,STi701,CCGTAGTTTAGG,STi533,ATCCTTTGGTTC,,
LA9,,,,STi701,CCGTAGTTTAGG,STi534,TACAGCGCATAC,,
LA10,,,,STi701,CCGTAGTTTAGG,STi535,ACCGGTATGTAC,,
LA11,,,,STi701,CCGTAGTTTAGG,STi536,AATTGTGTCGGA,,
OAK31post,,,,STi702,GTTGGATCTGCA,STi525,TCCCTTGTCTCC,,
LA1post,,,,STi702,GTTGGATCTGCA,STi526,ACGAGACTGATT,,
LA2post,,,,STi702,GTTGGATCTGCA,STi527,GCTGTACGGATT,,
LA3post,,,,STi702,GTTGGATCTGCA,STi528,ATCACCAGGTGT,,
LA4post,,,,STi702,GTTGGATCTGCA,STi529,TGGTCAACGATA,,
LA5post,,,,STi702,GTTGGATCTGCA,STi530,ATCGCACAGTAA,,
LA6post,,,,STi702,GTTGGATCTGCA,STi531,GTCGTGTAGCCT,,
LA7post,,,,STi702,GTTGGATCTGCA,STi532,AGCGGAGGTTAG,,
LA8post,,,,STi702,GTTGGATCTGCA,STi533,ATCCTTTGGTTC,,
LA9post,,,,STi702,GTTGGATCTGCA,STi534,TACAGCGCATAC,,
LA10post,,,,STi702,GTTGGATCTGCA,STi535,ACCGGTATGTAC,,
LA11post,,,,STi702,GTTGGATCTGCA,STi536,AATTGTGTCGGA,,
LA12,,,,STi703,CCTATGTGATGG,STi525,TCCCTTGTCTCC,,
LA13,,,,STi703,CCTATGTGATGG,STi526,ACGAGACTGATT,,
LA14,,,,STi703,CCTATGTGATGG,STi527,GCTGTACGGATT,,
LA15,,,,STi703,CCTATGTGATGG,STi528,ATCACCAGGTGT,,
LA16,,,,STi703,CCTATGTGATGG,STi529,TGGTCAACGATA,,
LA17,,,,STi703,CCTATGTGATGG,STi530,ATCGCACAGTAA,,
LA18,,,,STi703,CCTATGTGATGG,STi531,GTCGTGTAGCCT,,
LA19,,,,STi703,CCTATGTGATGG,STi532,AGCGGAGGTTAG,,
LA20,,,,STi703,CCTATGTGATGG,STi533,ATCCTTTGGTTC,,
LA21,,,,STi703,CCTATGTGATGG,STi534,TACAGCGCATAC,,
LA22,,,,STi703,CCTATGTGATGG,STi535,ACCGGTATGTAC,,
LA23,,,,STi703,CCTATGTGATGG,STi536,AATTGTGTCGGA,,
LA12post,,,,STi704,CTCCCATACCAC,STi525,TCCCTTGTCTCC,,
LA13post,,,,STi704,CTCCCATACCAC,STi526,ACGAGACTGATT,,
LA14post,,,,STi704,CTCCCATACCAC,STi527,GCTGTACGGATT,,
LA15post,,,,STi704,CTCCCATACCAC,STi528,ATCACCAGGTGT,,
LA16post,,,,STi704,CTCCCATACCAC,STi529,TGGTCAACGATA,,
LA17post,,,,STi704,CTCCCATACCAC,STi530,ATCGCACAGTAA,,
LA18post,,,,STi704,CTCCCATACCAC,STi531,GTCGTGTAGCCT,,
LA19post,,,,STi704,CTCCCATACCAC,STi532,AGCGGAGGTTAG,,
LA20post,,,,STi704,CTCCCATACCAC,STi533,ATCCTTTGGTTC,,
LA21post,,,,STi704,CTCCCATACCAC,STi534,TACAGCGCATAC,,
LA22post,,,,STi704,CTCCCATACCAC,STi535,ACCGGTATGTAC,,
LA23post,,,,STi704,CTCCCATACCAC,STi536,AATTGTGTCGGA,,
LA24,,,,STi705,CACCCTTAAAGT,STi525,TCCCTTGTCTCC,,
LA25,,,,STi705,CACCCTTAAAGT,STi526,ACGAGACTGATT,,
LA26,,,,STi705,CACCCTTAAAGT,STi527,GCTGTACGGATT,,
LA27,,,,STi705,CACCCTTAAAGT,STi528,ATCACCAGGTGT,,
LA28,,,,STi705,CACCCTTAAAGT,STi529,TGGTCAACGATA,,
LA29,,,,STi705,CACCCTTAAAGT,STi530,ATCGCACAGTAA,,
LA30,,,,STi705,CACCCTTAAAGT,STi531,GTCGTGTAGCCT,,
LA31,,,,STi705,CACCCTTAAAGT,STi532,AGCGGAGGTTAG,,
LA32,,,,STi705,CACCCTTAAAGT,STi533,ATCCTTTGGTTC,,
LA33,,,,STi705,CACCCTTAAAGT,STi534,TACAGCGCATAC,,
LA34,,,,STi705,CACCCTTAAAGT,STi535,ACCGGTATGTAC,,
LABILGE,,,,STi705,CACCCTTAAAGT,STi536,AATTGTGTCGGA,,
LA24post,,,,STi706,AGGATGTTGCTC,STi525,TCCCTTGTCTCC,,
LA25post,,,,STi706,AGGATGTTGCTC,STi526,ACGAGACTGATT,,
LA26post,,,,STi706,AGGATGTTGCTC,STi527,GCTGTACGGATT,,
LA27post,,,,STi706,AGGATGTTGCTC,STi528,ATCACCAGGTGT,,
LA28post,,,,STi706,AGGATGTTGCTC,STi529,TGGTCAACGATA,,
LA29post,,,,STi706,AGGATGTTGCTC,STi530,ATCGCACAGTAA,,
LA30post,,,,STi706,AGGATGTTGCTC,STi531,GTCGTGTAGCCT,,
LA31post,,,,STi706,AGGATGTTGCTC,STi532,AGCGGAGGTTAG,,
LA32post,,,,STi706,AGGATGTTGCTC,STi533,ATCCTTTGGTTC,,
LA33post,,,,STi706,AGGATGTTGCTC,STi534,TACAGCGCATAC,,
LA34post,,,,STi706,AGGATGTTGCTC,STi535,ACCGGTATGTAC,,
LABILGEpost,,,,STi706,AGGATGTTGCTC,STi536,AATTGTGTCGGA,,
SEA1,,,,STi707,AGAAACGCAACA,STi525,TCCCTTGTCTCC,,
SEA2,,,,STi707,AGAAACGCAACA,STi526,ACGAGACTGATT,,
SEA3,,,,STi707,AGAAACGCAACA,STi527,GCTGTACGGATT,,
SEA4,,,,STi707,AGAAACGCAACA,STi528,ATCACCAGGTGT,,
SEA5,,,,STi707,AGAAACGCAACA,STi529,TGGTCAACGATA,,
SEA6,,,,STi707,AGAAACGCAACA,STi530,ATCGCACAGTAA,,
SEA7,,,,STi707,AGAAACGCAACA,STi531,GTCGTGTAGCCT,,
SEA8,,,,STi707,AGAAACGCAACA,STi532,AGCGGAGGTTAG,,
SEA9,,,,STi707,AGAAACGCAACA,STi533,ATCCTTTGGTTC,,
SEA10,,,,STi707,AGAAACGCAACA,STi534,TACAGCGCATAC,,
SEA11,,,,STi707,AGAAACGCAACA,STi535,ACCGGTATGTAC,,
SEA12,,,,STi707,AGAAACGCAACA,STi536,AATTGTGTCGGA,,
SEA1post,,,,STi708,TTGGTCGGACAT,STi525,TCCCTTGTCTCC,,
SEA2post,,,,STi708,TTGGTCGGACAT,STi526,ACGAGACTGATT,,
SEA3post,,,,STi708,TTGGTCGGACAT,STi527,GCTGTACGGATT,,
SEA4post,,,,STi708,TTGGTCGGACAT,STi528,ATCACCAGGTGT,,
SEA5post,,,,STi708,TTGGTCGGACAT,STi529,TGGTCAACGATA,,
SEA6post,,,,STi708,TTGGTCGGACAT,STi530,ATCGCACAGTAA,,
SEA7post,,,,STi708,TTGGTCGGACAT,STi531,GTCGTGTAGCCT,,
SEA8post,,,,STi708,TTGGTCGGACAT,STi532,AGCGGAGGTTAG,,
SEA9post,,,,STi708,TTGGTCGGACAT,STi533,ATCCTTTGGTTC,,
SEA10post,,,,STi708,TTGGTCGGACAT,STi534,TACAGCGCATAC,,
SEA11post,,,,STi708,TTGGTCGGACAT,STi535,ACCGGTATGTAC,,
SEA12post,,,,STi708,TTGGTCGGACAT,STi536,AATTGTGTCGGA,,
SEA13,,,,STi709,AATTGCGTACCT,STi501,CCTAAACTACGG,,
SEA14,,,,STi709,AATTGCGTACCT,STi502,TGCAGATCCAAC,,
SEA15,,,,STi709,AATTGCGTACCT,STi503,CCATCACATAGG,,
SEA16,,,,STi709,AATTGCGTACCT,STi504,GTGGTATGGGAG,,
SEA17,,,,STi709,AATTGCGTACCT,STi505,ACTTTAAGGGTG,,
SEA18,,,,STi709,AATTGCGTACCT,STi506,GAGCAACATCCT,,
SEA19,,,,STi709,AATTGCGTACCT,STi507,TGTTGCGTTTCT,,
SEA20,,,,STi709,AATTGCGTACCT,STi508,ATGTCCGACCAA,,
SEA21,,,,STi709,AATTGCGTACCT,STi509,AGGTACGCAATT,,
SEA22,,,,STi709,AATTGCGTACCT,STi510,ACAGCCACCCAT,,
SEA23,,,,STi709,AATTGCGTACCT,STi511,TGTCTCGCAAGC,,
SEA24,,,,STi709,AATTGCGTACCT,STi512,GAGGAGTAAAGC,,
SEA13post,,,,STi710,ATGGGTGGCTGT,STi501,CCTAAACTACGG,,
SEA14post,,,,STi710,ATGGGTGGCTGT,STi502,TGCAGATCCAAC,,
SEA15post,,,,STi710,ATGGGTGGCTGT,STi503,CCATCACATAGG,,
SEA16post,,,,STi710,ATGGGTGGCTGT,STi504,GTGGTATGGGAG,,
SEA17post,,,,STi710,ATGGGTGGCTGT,STi505,ACTTTAAGGGTG,,
SEA18post,,,,STi710,ATGGGTGGCTGT,STi506,GAGCAACATCCT,,
SEA19post,,,,STi710,ATGGGTGGCTGT,STi507,TGTTGCGTTTCT,,
SEA20post,,,,STi710,ATGGGTGGCTGT,STi508,ATGTCCGACCAA,,
SEA21post,,,,STi710,ATGGGTGGCTGT,STi509,AGGTACGCAATT,,
SEA22post,,,,STi710,ATGGGTGGCTGT,STi510,ACAGCCACCCAT,,
SEA23post,,,,STi710,ATGGGTGGCTGT,STi511,TGTCTCGCAAGC,,
SEA24post,,,,STi710,ATGGGTGGCTGT,STi512,GAGGAGTAAAGC,,
SEA25,,,,STi711,GCTTGCGAGACA,STi501,CCTAAACTACGG,,
SEA26,,,,STi711,GCTTGCGAGACA,STi502,TGCAGATCCAAC,,
SEA27,,,,STi711,GCTTGCGAGACA,STi503,CCATCACATAGG,,
SEA28,,,,STi711,GCTTGCGAGACA,STi504,GTGGTATGGGAG,,
SEA29,,,,STi711,GCTTGCGAGACA,STi505,ACTTTAAGGGTG,,
SEA30,,,,STi711,GCTTGCGAGACA,STi506,GAGCAACATCCT,,
BUS1,,,,STi711,GCTTGCGAGACA,STi507,TGTTGCGTTTCT,,
BUS2,,,,STi711,GCTTGCGAGACA,STi508,ATGTCCGACCAA,,
BUS3,,,,STi711,GCTTGCGAGACA,STi509,AGGTACGCAATT,,
BUS4,,,,STi711,GCTTGCGAGACA,STi510,ACAGCCACCCAT,,
BUS5,,,,STi711,GCTTGCGAGACA,STi511,TGTCTCGCAAGC,,
BUS6,,,,STi711,GCTTGCGAGACA,STi512,GAGGAGTAAAGC,,
SEA25post,,,,STi712,GCTTTACTCCTC,STi501,CCTAAACTACGG,,
SEA26post,,,,STi712,GCTTTACTCCTC,STi502,TGCAGATCCAAC,,
SEA27post,,,,STi712,GCTTTACTCCTC,STi503,CCATCACATAGG,,
SEA28post,,,,STi712,GCTTTACTCCTC,STi504,GTGGTATGGGAG,,
SEA29post,,,,STi712,GCTTTACTCCTC,STi505,ACTTTAAGGGTG,,
SEA30post,,,,STi712,GCTTTACTCCTC,STi506,GAGCAACATCCT,,
BUS1post,,,,STi712,GCTTTACTCCTC,STi507,TGTTGCGTTTCT,,
BUS2post,,,,STi712,GCTTTACTCCTC,STi508,ATGTCCGACCAA,,
BUS3post,,,,STi712,GCTTTACTCCTC,STi509,AGGTACGCAATT,,
BUS4post,,,,STi712,GCTTTACTCCTC,STi510,ACAGCCACCCAT,,
BUS5post,,,,STi712,GCTTTACTCCTC,STi511,TGTCTCGCAAGC,,
BUS6post,,,,STi712,GCTTTACTCCTC,STi512,GAGGAGTAAAGC,,
BUS7,,,,STi713,CAACCACGTAAC,STi501,CCTAAACTACGG,,
BUS8,,,,STi713,CAACCACGTAAC,STi502,TGCAGATCCAAC,,
BUS9,,,,STi713,CAACCACGTAAC,STi503,CCATCACATAGG,,
BUS10,,,,STi713,CAACCACGTAAC,STi504,GTGGTATGGGAG,,
BUS11,,,,STi713,CAACCACGTAAC,STi505,ACTTTAAGGGTG,,
BUS12,,,,STi713,CAACCACGTAAC,STi506,GAGCAACATCCT,,
BUS13,,,,STi713,CAACCACGTAAC,STi507,TGTTGCGTTTCT,,
BUS14,,,,STi713,CAACCACGTAAC,STi508,ATGTCCGACCAA,,
BUS15,,,,STi713,CAACCACGTAAC,STi509,AGGTACGCAATT,,
BUS16,,,,STi713,CAACCACGTAAC,STi510,ACAGCCACCCAT,,
BUS17,,,,STi713,CAACCACGTAAC,STi511,TGTCTCGCAAGC,,
BUS18,,,,STi713,CAACCACGTAAC,STi512,GAGGAGTAAAGC,,
BUS7post,,,,STi714,TCCGAGGCGGTA,STi501,CCTAAACTACGG,,
BUS8post,,,,STi714,TCCGAGGCGGTA,STi502,TGCAGATCCAAC,,
BUS9post,,,,STi714,TCCGAGGCGGTA,STi503,CCATCACATAGG,,
BUS10post,,,,STi714,TCCGAGGCGGTA,STi504,GTGGTATGGGAG,,
BUS11post,,,,STi714,TCCGAGGCGGTA,STi505,ACTTTAAGGGTG,,
BUS12post,,,,STi714,TCCGAGGCGGTA,STi506,GAGCAACATCCT,,
BUS13post,,,,STi714,TCCGAGGCGGTA,STi507,TGTTGCGTTTCT,,
BUS14post,,,,STi714,TCCGAGGCGGTA,STi508,ATGTCCGACCAA,,
BUS15post,,,,STi714,TCCGAGGCGGTA,STi509,AGGTACGCAATT,,
BUS16post,,,,STi714,TCCGAGGCGGTA,STi510,ACAGCCACCCAT,,
BUS17post,,,,STi714,TCCGAGGCGGTA,STi511,TGTCTCGCAAGC,,
BUS18post,,,,STi714,TCCGAGGCGGTA,STi512,GAGGAGTAAAGC,,
BUS19,,,,STi715,AGGCATCTTACG,STi501,CCTAAACTACGG,,
BUS20,,,,STi715,AGGCATCTTACG,STi502,TGCAGATCCAAC,,
BUS21,,,,STi715,AGGCATCTTACG,STi503,CCATCACATAGG,,
BUS22,,,,STi715,AGGCATCTTACG,STi504,GTGGTATGGGAG,,
BUS23,,,,STi715,AGGCATCTTACG,STi505,ACTTTAAGGGTG,,
BUS24,,,,STi715,AGGCATCTTACG,STi506,GAGCAACATCCT,,
BUS25,,,,STi715,AGGCATCTTACG,STi507,TGTTGCGTTTCT,,
BUS26,,,,STi715,AGGCATCTTACG,STi508,ATGTCCGACCAA,,
BUS27,,,,STi715,AGGCATCTTACG,STi509,AGGTACGCAATT,,
BUS28,,,,STi715,AGGCATCTTACG,STi510,ACAGCCACCCAT,,
BUS29,,,,STi715,AGGCATCTTACG,STi511,TGTCTCGCAAGC,,
BUS30,,,,STi715,AGGCATCTTACG,STi512,GAGGAGTAAAGC,,
BUS19post,,,,STi716,TGCAAGCCGGTA,STi501,CCTAAACTACGG,,
BUS20post,,,,STi716,TGCAAGCCGGTA,STi502,TGCAGATCCAAC,,
BUS21post,,,,STi716,TGCAAGCCGGTA,STi503,CCATCACATAGG,,
BUS22post,,,,STi716,TGCAAGCCGGTA,STi504,GTGGTATGGGAG,,
BUS23post,,,,STi716,TGCAAGCCGGTA,STi505,ACTTTAAGGGTG,,
BUS24post,,,,STi716,TGCAAGCCGGTA,STi506,GAGCAACATCCT,,
BUS25post,,,,STi716,TGCAAGCCGGTA,STi507,TGTTGCGTTTCT,,
BUS26post,,,,STi716,TGCAAGCCGGTA,STi508,ATGTCCGACCAA,,
BUS27post,,,,STi716,TGCAAGCCGGTA,STi509,AGGTACGCAATT,,
BUS28post,,,,STi716,TGCAAGCCGGTA,STi510,ACAGCCACCCAT,,
BUS29post,,,,STi716,TGCAAGCCGGTA,STi511,TGTCTCGCAAGC,,
BUS30post,,,,STi716,TGCAAGCCGGTA,STi512,GAGGAGTAAAGC,,
BUS31,,,,STi709,AATTGCGTACCT,STi513,GTTACGTGGTTG,,
BUS32,,,,STi709,AATTGCGTACCT,STi514,TACCGCCTCGGA,,
HK1,,,,STi709,AATTGCGTACCT,STi515,CGTAAGATGCCT,,
HK2,,,,STi709,AATTGCGTACCT,STi516,TACCGGCTTGCA,,
HK3,,,,STi709,AATTGCGTACCT,STi517,ATCTAGTGGCAA,,
HK4,,,,STi709,AATTGCGTACCT,STi518,CCAGGGACTTCT,,
HK5,,,,STi709,AATTGCGTACCT,STi519,CACCTTACCTTA,,
HK6,,,,STi709,AATTGCGTACCT,STi520,ATAGTTAGGGCT,,
HK7,,,,STi709,AATTGCGTACCT,STi521,GCACTTCATTTC,,
HK8,,,,STi709,AATTGCGTACCT,STi522,TTAACTGGAAGC,,
HK10,,,,STi709,AATTGCGTACCT,STi523,CGCGGTTACTAA,,
HK11,,,,STi709,AATTGCGTACCT,STi524,GAGACTATATGC,,
BUS31post,,,,STi710,ATGGGTGGCTGT,STi513,GTTACGTGGTTG,,
BUS32post,,,,STi710,ATGGGTGGCTGT,STi514,TACCGCCTCGGA,,
HK1post,,,,STi710,ATGGGTGGCTGT,STi515,CGTAAGATGCCT,,
HK2post,,,,STi710,ATGGGTGGCTGT,STi516,TACCGGCTTGCA,,
HK3post,,,,STi710,ATGGGTGGCTGT,STi517,ATCTAGTGGCAA,,
HK4post,,,,STi710,ATGGGTGGCTGT,STi518,CCAGGGACTTCT,,
HK5post,,,,STi710,ATGGGTGGCTGT,STi519,CACCTTACCTTA,,
HK6post,,,,STi710,ATGGGTGGCTGT,STi520,ATAGTTAGGGCT,,
HK7post,,,,STi710,ATGGGTGGCTGT,STi521,GCACTTCATTTC,,
HK8post,,,,STi710,ATGGGTGGCTGT,STi522,TTAACTGGAAGC,,
HK10post,,,,STi710,ATGGGTGGCTGT,STi523,CGCGGTTACTAA,,
HK11post,,,,STi710,ATGGGTGGCTGT,STi524,GAGACTATATGC,,
HK12,,,,STi711,GCTTGCGAGACA,STi513,GTTACGTGGTTG,,
HK13,,,,STi711,GCTTGCGAGACA,STi514,TACCGCCTCGGA,,
HK14,,,,STi711,GCTTGCGAGACA,STi515,CGTAAGATGCCT,,
HK15,,,,STi711,GCTTGCGAGACA,STi516,TACCGGCTTGCA,,
HK16,,,,STi711,GCTTGCGAGACA,STi517,ATCTAGTGGCAA,,
HK17,,,,STi711,GCTTGCGAGACA,STi518,CCAGGGACTTCT,,
HK18,,,,STi711,GCTTGCGAGACA,STi519,CACCTTACCTTA,,
HK19,,,,STi711,GCTTGCGAGACA,STi520,ATAGTTAGGGCT,,
HK20,,,,STi711,GCTTGCGAGACA,STi521,GCACTTCATTTC,,
HK21,,,,STi711,GCTTGCGAGACA,STi522,TTAACTGGAAGC,,
HK22,,,,STi711,GCTTGCGAGACA,STi523,CGCGGTTACTAA,,
HK23,,,,STi711,GCTTGCGAGACA,STi524,GAGACTATATGC,,
HK12post,,,,STi712,GCTTTACTCCTC,STi513,GTTACGTGGTTG,,
HK13post,,,,STi712,GCTTTACTCCTC,STi514,TACCGCCTCGGA,,
HK14post,,,,STi712,GCTTTACTCCTC,STi515,CGTAAGATGCCT,,
HK15post,,,,STi712,GCTTTACTCCTC,STi516,TACCGGCTTGCA,,
HK16post,,,,STi712,GCTTTACTCCTC,STi517,ATCTAGTGGCAA,,
HK17post,,,,STi712,GCTTTACTCCTC,STi518,CCAGGGACTTCT,,
HK18post,,,,STi712,GCTTTACTCCTC,STi519,CACCTTACCTTA,,
HK19post,,,,STi712,GCTTTACTCCTC,STi520,ATAGTTAGGGCT,,
HK20post,,,,STi712,GCTTTACTCCTC,STi521,GCACTTCATTTC,,
HK21post,,,,STi712,GCTTTACTCCTC,STi522,TTAACTGGAAGC,,
HK22post,,,,STi712,GCTTTACTCCTC,STi523,CGCGGTTACTAA,,
HK23post,,,,STi712,GCTTTACTCCTC,STi524,GAGACTATATGC,,
HK24,,,,STi713,CAACCACGTAAC,STi513,GTTACGTGGTTG,,
HK25,,,,STi713,CAACCACGTAAC,STi514,TACCGCCTCGGA,,
HK26,,,,STi713,CAACCACGTAAC,STi515,CGTAAGATGCCT,,
HK27,,,,STi713,CAACCACGTAAC,STi516,TACCGGCTTGCA,,
HK28,,,,STi713,CAACCACGTAAC,STi517,ATCTAGTGGCAA,,
HK29,,,,STi713,CAACCACGTAAC,STi518,CCAGGGACTTCT,,
HK30,,,,STi713,CAACCACGTAAC,STi519,CACCTTACCTTA,,
HK31,,,,STi713,CAACCACGTAAC,STi520,ATAGTTAGGGCT,,
HK32,,,,STi713,CAACCACGTAAC,STi521,GCACTTCATTTC,,
HK33,,,,STi713,CAACCACGTAAC,STi522,TTAACTGGAAGC,,
HK34,,,,STi713,CAACCACGTAAC,STi523,CGCGGTTACTAA,,
HK35,,,,STi713,CAACCACGTAAC,STi524,GAGACTATATGC,,
HK24post,,,,STi714,TCCGAGGCGGTA,STi513,GTTACGTGGTTG,,
HK25post,,,,STi714,TCCGAGGCGGTA,STi514,TACCGCCTCGGA,,
HK26post,,,,STi714,TCCGAGGCGGTA,STi515,CGTAAGATGCCT,,
HK27post,,,,STi714,TCCGAGGCGGTA,STi516,TACCGGCTTGCA,,
HK28post,,,,STi714,TCCGAGGCGGTA,STi517,ATCTAGTGGCAA,,
HK29post,,,,STi714,TCCGAGGCGGTA,STi518,CCAGGGACTTCT,,
HK30post,,,,STi714,TCCGAGGCGGTA,STi519,CACCTTACCTTA,,
HK31post,,,,STi714,TCCGAGGCGGTA,STi520,ATAGTTAGGGCT,,
HK32post,,,,STi714,TCCGAGGCGGTA,STi521,GCACTTCATTTC,,
HK33post,,,,STi714,TCCGAGGCGGTA,STi522,TTAACTGGAAGC,,
HK34post,,,,STi714,TCCGAGGCGGTA,STi523,CGCGGTTACTAA,,
HK35post,,,,STi715,AGGCATCTTACG,STi524,GAGACTATATGC,,
HKBALLAST,,,,STi715,AGGCATCTTACG,STi513,GTTACGTGGTTG,,
SING1,,,,STi715,AGGCATCTTACG,STi514,TACCGCCTCGGA,,
SING2,,,,STi715,AGGCATCTTACG,STi515,CGTAAGATGCCT,,
SING3,,,,STi715,AGGCATCTTACG,STi516,TACCGGCTTGCA,,
SING4,,,,STi715,AGGCATCTTACG,STi517,ATCTAGTGGCAA,,
SING5,,,,STi715,AGGCATCTTACG,STi518,CCAGGGACTTCT,,
SING6,,,,STi715,AGGCATCTTACG,STi519,CACCTTACCTTA,,
SING7,,,,STi715,AGGCATCTTACG,STi520,ATAGTTAGGGCT,,
SING8,,,,STi715,AGGCATCTTACG,STi521,GCACTTCATTTC,,
SING9,,,,STi715,AGGCATCTTACG,STi522,TTAACTGGAAGC,,
SING10,,,,STi715,AGGCATCTTACG,STi523,CGCGGTTACTAA,,
SING11,,,,STi715,AGGCATCTTACG,STi524,GAGACTATATGC,,
HKBALLASTpost,,,,STi716,TGCAAGCCGGTA,STi513,GTTACGTGGTTG,,
SING1post,,,,STi716,TGCAAGCCGGTA,STi514,TACCGCCTCGGA,,
SING2post,,,,STi716,TGCAAGCCGGTA,STi515,CGTAAGATGCCT,,
SING3post,,,,STi716,TGCAAGCCGGTA,STi516,TACCGGCTTGCA,,
SING4post,,,,STi716,TGCAAGCCGGTA,STi517,ATCTAGTGGCAA,,
SING5post,,,,STi716,TGCAAGCCGGTA,STi518,CCAGGGACTTCT,,
SING6post,,,,STi716,TGCAAGCCGGTA,STi519,CACCTTACCTTA,,
SING7post,,,,STi716,TGCAAGCCGGTA,STi520,ATAGTTAGGGCT,,
SING8post,,,,STi716,TGCAAGCCGGTA,STi521,GCACTTCATTTC,,
SING9post,,,,STi716,TGCAAGCCGGTA,STi522,TTAACTGGAAGC,,
SING10post,,,,STi716,TGCAAGCCGGTA,STi523,CGCGGTTACTAA,,
SING11post,,,,STi716,TGCAAGCCGGTA,STi524,GAGACTATATGC,,
SING12,,,,STi709,AATTGCGTACCT,STi525,TCCCTTGTCTCC,,
SING13,,,,STi709,AATTGCGTACCT,STi526,ACGAGACTGATT,,
SING14,,,,STi709,AATTGCGTACCT,STi527,GCTGTACGGATT,,
SING15,,,,STi709,AATTGCGTACCT,STi528,ATCACCAGGTGT,,
SING16,,,,STi709,AATTGCGTACCT,STi529,TGGTCAACGATA,,
SING17,,,,STi709,AATTGCGTACCT,STi530,ATCGCACAGTAA,,
SING18,,,,STi709,AATTGCGTACCT,STi531,GTCGTGTAGCCT,,
SING19,,,,STi709,AATTGCGTACCT,STi532,AGCGGAGGTTAG,,
SING20,,,,STi709,AATTGCGTACCT,STi533,ATCCTTTGGTTC,,
SING21,,,,STi709,AATTGCGTACCT,STi534,TACAGCGCATAC,,
SING22,,,,STi709,AATTGCGTACCT,STi535,ACCGGTATGTAC,,
SING23,,,,STi709,AATTGCGTACCT,STi536,AATTGTGTCGGA,,
SING12post,,,,STi710,ATGGGTGGCTGT,STi525,TCCCTTGTCTCC,,
SING13post,,,,STi710,ATGGGTGGCTGT,STi526,ACGAGACTGATT,,
SING14post,,,,STi710,ATGGGTGGCTGT,STi527,GCTGTACGGATT,,
SING15post,,,,STi710,ATGGGTGGCTGT,STi528,ATCACCAGGTGT,,
SING16post,,,,STi710,ATGGGTGGCTGT,STi529,TGGTCAACGATA,,
SING17post,,,,STi710,ATGGGTGGCTGT,STi530,ATCGCACAGTAA,,
SING18post,,,,STi710,ATGGGTGGCTGT,STi531,GTCGTGTAGCCT,,
SING19post,,,,STi710,ATGGGTGGCTGT,STi532,AGCGGAGGTTAG,,
SING20post,,,,STi710,ATGGGTGGCTGT,STi533,ATCCTTTGGTTC,,
SING21post,,,,STi710,ATGGGTGGCTGT,STi534,TACAGCGCATAC,,
SING22post,,,,STi710,ATGGGTGGCTGT,STi535,ACCGGTATGTAC,,
SING23post,,,,STi710,ATGGGTGGCTGT,STi536,AATTGTGTCGGA,,
SING24,,,,STi711,GCTTGCGAGACA,STi525,TCCCTTGTCTCC,,
SING25,,,,STi711,GCTTGCGAGACA,STi526,ACGAGACTGATT,,
SING26,,,,STi711,GCTTGCGAGACA,STi527,GCTGTACGGATT,,
SING27,,,,STi711,GCTTGCGAGACA,STi528,ATCACCAGGTGT,,
SING28,,,,STi711,GCTTGCGAGACA,STi529,TGGTCAACGATA,,
SING29,,,,STi711,GCTTGCGAGACA,STi530,ATCGCACAGTAA,,
SING30,,,,STi711,GCTTGCGAGACA,STi531,GTCGTGTAGCCT,,
SING31,,,,STi711,GCTTGCGAGACA,STi532,AGCGGAGGTTAG,,
SING32,,,,STi711,GCTTGCGAGACA,STi533,ATCCTTTGGTTC,,
SING33,,,,STi711,GCTTGCGAGACA,STi534,TACAGCGCATAC,,
SINGBILGE1,,,,STi711,GCTTGCGAGACA,STi535,ACCGGTATGTAC,,
SINGBILGE2,,,,STi711,GCTTGCGAGACA,STi536,AATTGTGTCGGA,,
SING24post,,,,STi712,GCTTTACTCCTC,STi525,TCCCTTGTCTCC,,
SING25post,,,,STi712,GCTTTACTCCTC,STi526,ACGAGACTGATT,,
SING26post,,,,STi712,GCTTTACTCCTC,STi527,GCTGTACGGATT,,
SING27post,,,,STi712,GCTTTACTCCTC,STi528,ATCACCAGGTGT,,
SING28post,,,,STi712,GCTTTACTCCTC,STi529,TGGTCAACGATA,,
SING29post,,,,STi712,GCTTTACTCCTC,STi530,ATCGCACAGTAA,,
SING30post,,,,STi712,GCTTTACTCCTC,STi531,GTCGTGTAGCCT,,
SING31post,,,,STi712,GCTTTACTCCTC,STi532,AGCGGAGGTTAG,,
SING32post,,,,STi712,GCTTTACTCCTC,STi533,ATCCTTTGGTTC,,
SING33post,,,,STi712,GCTTTACTCCTC,STi534,TACAGCGCATAC,,
SINGBILGE1post,,,,STi712,GCTTTACTCCTC,STi535,ACCGGTATGTAC,,
SINGBILGE2post,,,,STi712,GCTTTACTCCTC,STi536,AATTGTGTCGGA,,
KEW1,,,,STi713,CAACCACGTAAC,STi525,TCCCTTGTCTCC,,
KEW2,,,,STi713,CAACCACGTAAC,STi526,ACGAGACTGATT,,
KEW3,,,,STi713,CAACCACGTAAC,STi527,GCTGTACGGATT,,
KEW4,,,,STi713,CAACCACGTAAC,STi528,ATCACCAGGTGT,,
KEW5,,,,STi713,CAACCACGTAAC,STi529,TGGTCAACGATA,,
KEW6,,,,STi713,CAACCACGTAAC,STi530,ATCGCACAGTAA,,
KEW7,,,,STi713,CAACCACGTAAC,STi531,GTCGTGTAGCCT,,
KEW8,,,,STi713,CAACCACGTAAC,STi532,AGCGGAGGTTAG,,
KEW9,,,,STi713,CAACCACGTAAC,STi533,ATCCTTTGGTTC,,
KEW10,,,,STi713,CAACCACGTAAC,STi534,TACAGCGCATAC,,
KEW11,,,,STi713,CAACCACGTAAC,STi535,ACCGGTATGTAC,,
KEW12,,,,STi713,CAACCACGTAAC,STi536,AATTGTGTCGGA,,
KEW1post,,,,STi714,TCCGAGGCGGTA,STi525,TCCCTTGTCTCC,,
KEW2post,,,,STi714,TCCGAGGCGGTA,STi526,ACGAGACTGATT,,
KEW3post,,,,STi714,TCCGAGGCGGTA,STi527,GCTGTACGGATT,,
KEW4post,,,,STi714,TCCGAGGCGGTA,STi528,ATCACCAGGTGT,,
KEW5post,,,,STi714,TCCGAGGCGGTA,STi529,TGGTCAACGATA,,
KEW6post,,,,STi714,TCCGAGGCGGTA,STi530,ATCGCACAGTAA,,
KEW7post,,,,STi714,TCCGAGGCGGTA,STi531,GTCGTGTAGCCT,,
KEW8post,,,,STi714,TCCGAGGCGGTA,STi532,AGCGGAGGTTAG,,
KEW9post,,,,STi714,TCCGAGGCGGTA,STi533,ATCCTTTGGTTC,,
KEW10post,,,,STi714,TCCGAGGCGGTA,STi534,TACAGCGCATAC,,
KEW11post,,,,STi714,TCCGAGGCGGTA,STi535,ACCGGTATGTAC,,
KEW12post,,,,STi714,TCCGAGGCGGTA,STi536,AATTGTGTCGGA,,
KEW13,,,,STi715,AGGCATCTTACG,STi525,TCCCTTGTCTCC,,
KEW14,,,,STi715,AGGCATCTTACG,STi526,ACGAGACTGATT,,
KEW15,,,,STi715,AGGCATCTTACG,STi527,GCTGTACGGATT,,
KEW16,,,,STi715,AGGCATCTTACG,STi528,ATCACCAGGTGT,,
KEW17,,,,STi715,AGGCATCTTACG,STi529,TGGTCAACGATA,,
KEW18,,,,STi715,AGGCATCTTACG,STi530,ATCGCACAGTAA,,
KEW19,,,,STi715,AGGCATCTTACG,STi531,GTCGTGTAGCCT,,
KEW20,,,,STi715,AGGCATCTTACG,STi532,AGCGGAGGTTAG,,
KEW21,,,,STi715,AGGCATCTTACG,STi533,ATCCTTTGGTTC,,
KEW22,,,,STi715,AGGCATCTTACG,STi534,TACAGCGCATAC,,
KEW23,,,,STi715,AGGCATCTTACG,STi535,ACCGGTATGTAC,,
KEW24,,,,STi715,AGGCATCTTACG,STi536,AATTGTGTCGGA,,
KEW13post,,,,STi716,TGCAAGCCGGTA,STi525,TCCCTTGTCTCC,,
KEW14post,,,,STi716,TGCAAGCCGGTA,STi526,ACGAGACTGATT,,
KEW15post,,,,STi716,TGCAAGCCGGTA,STi527,GCTGTACGGATT,,
KEW16post,,,,STi716,TGCAAGCCGGTA,STi528,ATCACCAGGTGT,,
KEW17post,,,,STi716,TGCAAGCCGGTA,STi529,TGGTCAACGATA,,
KEW18post,,,,STi716,TGCAAGCCGGTA,STi530,ATCGCACAGTAA,,
KEW19post,,,,STi716,TGCAAGCCGGTA,STi531,GTCGTGTAGCCT,,
KEW20post,,,,STi716,TGCAAGCCGGTA,STi532,AGCGGAGGTTAG,,
KEW21post,,,,STi716,TGCAAGCCGGTA,STi533,ATCCTTTGGTTC,,
KEW22post,,,,STi716,TGCAAGCCGGTA,STi534,TACAGCGCATAC,,
KEW23post,,,,STi716,TGCAAGCCGGTA,STi535,ACCGGTATGTAC,,
KEW24post,,,,STi716,TGCAAGCCGGTA,STi536,AATTGTGTCGGA,,
KEW25,,,,STi717,TTGCCACTAGAT,STi501,CCTAAACTACGG,,
KEW26,,,,STi717,TTGCCACTAGAT,STi502,TGCAGATCCAAC,,
KEW27,,,,STi717,TTGCCACTAGAT,STi503,CCATCACATAGG,,
KEW28,,,,STi717,TTGCCACTAGAT,STi504,GTGGTATGGGAG,,
KEW29,,,,STi717,TTGCCACTAGAT,STi505,ACTTTAAGGGTG,,
KEW30,,,,STi717,TTGCCACTAGAT,STi506,GAGCAACATCCT,,
KEW31,,,,STi717,TTGCCACTAGAT,STi507,TGTTGCGTTTCT,,
KEW32,,,,STi717,TTGCCACTAGAT,STi508,ATGTCCGACCAA,,
KEW33,,,,STi717,TTGCCACTAGAT,STi509,AGGTACGCAATT,,
KEW34,,,,STi717,TTGCCACTAGAT,STi510,ACAGCCACCCAT,,
KEW35,,,,STi717,TTGCCACTAGAT,STi511,TGTCTCGCAAGC,,
KEW36,,,,STi717,TTGCCACTAGAT,STi512,GAGGAGTAAAGC,,
KEW25post,,,,STi718,AGAAGTCCCTGG,STi501,CCTAAACTACGG,,
KEW26post,,,,STi718,AGAAGTCCCTGG,STi502,TGCAGATCCAAC,,
KEW27post,,,,STi718,AGAAGTCCCTGG,STi503,CCATCACATAGG,,
KEW28post,,,,STi718,AGAAGTCCCTGG,STi504,GTGGTATGGGAG,,
KEW29post,,,,STi718,AGAAGTCCCTGG,STi505,ACTTTAAGGGTG,,
KEW30post,,,,STi718,AGAAGTCCCTGG,STi506,GAGCAACATCCT,,
KEW31post,,,,STi718,AGAAGTCCCTGG,STi507,TGTTGCGTTTCT,,
KEW32post,,,,STi718,AGAAGTCCCTGG,STi508,ATGTCCGACCAA,,
KEW33post,,,,STi718,AGAAGTCCCTGG,STi509,AGGTACGCAATT,,
KEW34post,,,,STi718,AGAAGTCCCTGG,STi510,ACAGCCACCCAT,,
KEW35post,,,,STi718,AGAAGTCCCTGG,STi511,TGTCTCGCAAGC,,
KEW36post,,,,STi718,AGAAGTCCCTGG,STi512,GAGGAGTAAAGC,,
KEW37,,,,STi719,TAAGGTAAGGTG,STi501,CCTAAACTACGG,,
KEW38,,,,STi719,TAAGGTAAGGTG,STi502,TGCAGATCCAAC,,
SWABKEWBR,,,,STi719,TAAGGTAAGGTG,STi503,CCATCACATAGG,,
SWABKEWDECK,,,,STi719,TAAGGTAAGGTG,STi504,GTGGTATGGGAG,,
SWABKEWFL,,,,STi719,TAAGGTAAGGTG,STi505,ACTTTAAGGGTG,,
SWABSEABILGE3,,,,STi719,TAAGGTAAGGTG,STi506,GAGCAACATCCT,,
SWABSEABILGE1,,,,STi719,TAAGGTAAGGTG,STi507,TGTTGCGTTTCT,,
SWABSEABR,,,,STi719,TAAGGTAAGGTG,STi508,ATGTCCGACCAA,,
SWABSEABL,,,,STi719,TAAGGTAAGGTG,STi509,AGGTACGCAATT,,
SWABLABL,,,,STi719,TAAGGTAAGGTG,STi510,ACAGCCACCCAT,,
SWABLAFL,,,,STi719,TAAGGTAAGGTG,STi511,TGTCTCGCAAGC,,
SWABHKDECK,,,,STi719,TAAGGTAAGGTG,STi512,GAGGAGTAAAGC,,
KEW37post,,,,STi720,AGCCCTAACTAT,STi501,CCTAAACTACGG,,
KEW38post,,,,STi720,AGCCCTAACTAT,STi502,TGCAGATCCAAC,,
SWABKEWBL,,,,STi720,AGCCCTAACTAT,STi503,CCATCACATAGG,,
SWABKEWBILGE,,,,STi720,AGCCCTAACTAT,STi504,GTGGTATGGGAG,,
SWABKEWFR,,,,STi720,AGCCCTAACTAT,STi505,ACTTTAAGGGTG,,
SWABSEABILGE2,,,,STi720,AGCCCTAACTAT,STi506,GAGCAACATCCT,,
SWABSEABL,,,,STi720,AGCCCTAACTAT,STi507,TGTTGCGTTTCT,,
SWABSEADECK,,,,STi720,AGCCCTAACTAT,STi508,ATGTCCGACCAA,,
SWABLABR,,,,STi720,AGCCCTAACTAT,STi509,AGGTACGCAATT,,
SWABLAFR,,,,STi720,AGCCCTAACTAT,STi510,ACAGCCACCCAT,,
SWABLADECK,,,,STi720,AGCCCTAACTAT,STi511,TGTCTCGCAAGC,,
SWABHKFR,,,,STi720,AGCCCTAACTAT,STi512,GAGGAGTAAAGC,,
SWABHKBR,,,,STi721,GAAATGAAGTGC,STi501,CCTAAACTACGG,,
SWABHKBL,,,,STi721,GAAATGAAGTGC,STi502,TGCAGATCCAAC,,
SWABSKORABL,,,,STi721,GAAATGAAGTGC,STi503,CCATCACATAGG,,
SWABSKORABILGE,,,,STi721,GAAATGAAGTGC,STi504,GTGGTATGGGAG,,
SWABSKOREABR,,,,STi721,GAAATGAAGTGC,STi505,ACTTTAAGGGTG,,
SWABSINGFR2,,,,STi721,GAAATGAAGTGC,STi506,GAGCAACATCCT,,
SWABSINGFL,,,,STi721,GAAATGAAGTGC,STi507,TGTTGCGTTTCT,,
SWABSINGBL,,,,STi721,GAAATGAAGTGC,STi508,ATGTCCGACCAA,,
SWABSINGDECK,,,,STi721,GAAATGAAGTGC,STi509,AGGTACGCAATT,,
SWABSINGDECK2,,,,STi721,GAAATGAAGTGC,STi510,ACAGCCACCCAT,,
SWABDULUTHLS,,,,STi721,GAAATGAAGTGC,STi511,TGTCTCGCAAGC,,
SWABDULUTHRS,,,,STi721,GAAATGAAGTGC,STi512,GAGGAGTAAAGC,,
SWABHKREALBACK,,,,STi722,GCTTCCAGTTAA,STi501,CCTAAACTACGG,,
SWABHKFL,,,,STi722,GCTTCCAGTTAA,STi502,TGCAGATCCAAC,,
SWABSKOREAFR,,,,STi722,GCTTCCAGTTAA,STi503,CCATCACATAGG,,
SWABSKOREAFL,,,,STi722,GCTTCCAGTTAA,STi504,GTGGTATGGGAG,,
SWABSKOREADECK,,,,STi722,GCTTCCAGTTAA,STi505,ACTTTAAGGGTG,,
SWABSINGBL2,,,,STi722,GCTTCCAGTTAA,STi506,GAGCAACATCCT,,
SWABSINGFL2,,,,STi722,GCTTCCAGTTAA,STi507,TGTTGCGTTTCT,,
SWABSINGBR2,,,,STi722,GCTTCCAGTTAA,STi508,ATGTCCGACCAA,,
SWABSINGFR2,,,,STi722,GCTTCCAGTTAA,STi509,AGGTACGCAATT,,
SWABSINGBR2,,,,STi722,GCTTCCAGTTAA,STi510,ACAGCCACCCAT,,
SWABDSLD,,,,STi722,GCTTCCAGTTAA,STi511,TGTCTCGCAAGC,,
SWABDSRD,,,,STi722,GCTTCCAGTTAA,STi512,GAGGAGTAAAGC,,
SWABGBRS,,,,STi723,TTAGTAACCGCG,STi501,CCTAAACTACGG,,
SWABGBLS,,,,STi723,TTAGTAACCGCG,STi502,TGCAGATCCAAC,,
SSWABEABR2,,,,STi723,TTAGTAACCGCG,STi503,CCATCACATAGG,,
SWABOAKBL2,,,,STi723,TTAGTAACCGCG,STi504,GTGGTATGGGAG,,
SWABOAKBR1,,,,STi723,TTAGTAACCGCG,STi505,ACTTTAAGGGTG,,
NULL1,,,,STi723,TTAGTAACCGCG,STi506,GAGCAACATCCT,,
NULL2,,,,STi723,TTAGTAACCGCG,STi507,TGTTGCGTTTCT,,
NULL3,,,,STi723,TTAGTAACCGCG,STi508,ATGTCCGACCAA,,
NULL4,,,,STi723,TTAGTAACCGCG,STi509,AGGTACGCAATT,,
NULL5,,,,STi723,TTAGTAACCGCG,STi510,ACAGCCACCCAT,,
NULL6,,,,STi723,TTAGTAACCGCG,STi511,TGTCTCGCAAGC,,
NULL7,,,,STi723,TTAGTAACCGCG,STi512,GAGGAGTAAAGC,,
SWABGBLD,,,,STi724,GCATATAGTCTC,STi501,CCTAAACTACGG,,
SWABGBRD,,,,STi724,GCATATAGTCTC,STi502,TGCAGATCCAAC,,
SWABOAKDECK,,,,STi724,GCATATAGTCTC,STi503,CCATCACATAGG,,
SWABOAKBR2,,,,STi724,GCATATAGTCTC,STi504,GTGGTATGGGAG,,
SWABOAKBL1,,,,STi724,GCATATAGTCTC,STi505,ACTTTAAGGGTG,,
NULL1post,,,,STi724,GCATATAGTCTC,STi506,GAGCAACATCCT,,
NULL2post,,,,STi724,GCATATAGTCTC,STi507,TGTTGCGTTTCT,,
NULL3post,,,,STi724,GCATATAGTCTC,STi508,ATGTCCGACCAA,,
NULL4post,,,,STi724,GCATATAGTCTC,STi509,AGGTACGCAATT,,
NULL5post,,,,STi724,GCATATAGTCTC,STi510,ACAGCCACCCAT,,
NULL6post,,,,STi724,GCATATAGTCTC,STi511,TGTCTCGCAAGC,,
NULL7post,,,,STi724,GCATATAGTCTC,STi512,GAGGAGTAAAGC,,